INSERT INTO etudiant (id_etudiant, prenom_etudiant, nom_etudiant, programme, telephone, email) VALUES
(1, 'Jean', 'Dubois', 'Programme 1', '603979073', 'Jean.Dubois12@example.com'),
(2, 'Marie', 'Martin', 'Programme 2', '718280813', 'Marie.Martin2@example.com'),
(3, 'Claire', 'Bernard', 'Programme 3', '240914899', 'Claire.Bernard91@example.com'),
(4, 'Pierre', 'Thomas', 'Programme 4', '637272014', 'Pierre.Thomas9@example.com'),
(5, 'Sophie', 'Petit', 'Programme 5', '796348381', 'Sophie.Petit61@example.com'),
(6, 'Nicolas', 'Robert', 'Programme 6', '946985523', 'Nicolas.Robert74@example.com'),
(7, 'Emma', 'Richard', 'Programme 7', '380498300', 'Emma.Richard67@example.com'),
(8, 'Thomas', 'Durand', 'Programme 8', '673264393', 'Thomas.Durand14@example.com'),
(9, 'Julie', 'Leroy', 'Programme 9', '470323356', 'Julie.Leroy69@example.com'),
(10, 'Antoine', 'Moreau', 'Programme 10', '619529747', 'Antoine.Moreau50@example.com'),
(11, 'Camille', 'Simon', 'Programme 11', '376084728', 'Camille.Simon25@example.com'),
(12, 'Lucas', 'Laurent', 'Programme 12', '172465981', 'Lucas.Laurent75@example.com'),
(13, 'Pauline', 'Lefebvre', 'Programme 13', '218332236', 'Pauline.Lefebvre65@example.com'),
(14, 'Louis', 'Michel', 'Programme 14', '643984365', 'Louis.Michel23@example.com'),
(15, 'Laura', 'Garcia', 'Programme 15', '796170472', 'Laura.Garcia2@example.com'),
(16, 'Alexandre', 'David', 'Programme 16', '622691856', 'Alexandre.David81@example.com'),
(17, 'Marine', 'Bertrand', 'Programme 17', '700907094', 'Marine.Bertrand42@example.com'),
(18, 'Martin', 'Roux', 'Programme 18', '709210901', 'Martin.Roux12@example.com'),
(19, 'Manon', 'Vincent', 'Programme 19', '474434371', 'Manon.Vincent26@example.com'),
(20, 'Gabriel', 'Fournier', 'Programme 20', '902581134', 'Gabriel.Fournier31@example.com'),
(21, 'Alice', 'Morel', 'Programme 21', '461967400', 'Alice.Morel77@example.com'),
(22, 'Romain', 'Girard', 'Programme 22', '728350546', 'Romain.Girard13@example.com'),
(23, 'Caroline', 'Andre', 'Programme 23', '213316613', 'Caroline.Andre62@example.com'),
(24, 'Mathieu', 'Lefevre', 'Programme 24', '916621077', 'Mathieu.Lefevre10@example.com'),
(25, 'Charlotte', 'Mercier', 'Programme 25', '456072558', 'Charlotte.Mercier69@example.com'),
(26, 'Vincent', 'Dupont', 'Programme 26', '578337948', 'Vincent.Dupont97@example.com'),
(27, 'Chloé', 'Lambert', 'Programme 27', '181431762', 'Chloé.Lambert80@example.com'),
(28, 'Maxime', 'Bonnet', 'Programme 28', '176444846', 'Maxime.Bonnet81@example.com'),
(29, 'Elodie', 'Francois', 'Programme 29', '526518094', 'Elodie.Francois55@example.com'),
(30, 'Adrien', 'Martinez', 'Programme 30', '496819126', 'Adrien.Martinez47@example.com');

INSERT INTO cours (id_cours, nom_du_cours, nombre_heures, enseignant) VALUES
(1, 'Introduction à l algorithmique', 10, 'Thomas Claire'),
(2, 'Programmation en C++', 22, 'Lefebvre Emma'),
(3, 'Analyse mathématique', 22, 'Petit Nicolas'),
(4, 'Bases de données', 12, 'Martin Pierre'),
(5, 'Structures de données', 16, 'Bernard Antoine'),
(6, 'Théorie des graphes', 12, 'Lefebvre Sophie'),
(7, 'Architecture des ordinateurs', 19, 'Durand Sophie'),
(8, 'Cryptographie', 17, 'Robert Pierre'),
(9, 'Systèmes d exploitation', 13, 'Martin Nicolas'),
(10, 'Réseaux informatiques', 15, 'Bernard Jean'),
(11, 'Intelligence artificielle', 20, 'Dubois Marie'),
(12, 'Nouvelles technologies', 14, 'Martin Julie'),
(13, 'Logique mathématique', 24, 'Durand Nicolas'),
(14, 'Programmation parallèle', 16, 'Richard Marie'),
(15, 'Piscine', 14, 'Petit Marie');

INSERT INTO cours_suivi (id_cours, id_etudiant, session, local) VALUES
(4, 1, 'Session Hiver', 'Local 58'),
(10, 2, 'Session Hiver', 'Local 19'),
(1, 3, 'Session Hiver', 'Local 67'),
(9, 4, 'Session Hiver', 'Local 61'),
(5, 5, 'Session Hiver', 'Local 8'),
(3, 6, 'Session Hiver', 'Local 86'),
(7, 7, 'Session Hiver', 'Local 31'),
(4, 8, 'Session Hiver', 'Local 100'),
(14, 9, 'Session Hiver', 'Local 99'),
(4, 10, 'Session Hiver', 'Local 3'),
(3, 11, 'Session Hiver', 'Local 53'),
(15, 12, 'Session Hiver', 'Local 64'),
(3, 13, 'Session Hiver', 'Local 64'),
(10, 14, 'Session Hiver', 'Local 92'),
(4, 15, 'Session Hiver', 'Local 24'),
(6, 16, 'Session Hiver', 'Local 80'),
(4, 17, 'Session Hiver', 'Local 100'),
(8, 18, 'Session Hiver', 'Local 8'),
(11, 19, 'Session Hiver', 'Local 31'),
(2, 20, 'Session Hiver', 'Local 59'),
(15, 21, 'Session Hiver', 'Local 72'),
(5, 22, 'Session Hiver', 'Local 20'),
(11, 23, 'Session Hiver', 'Local 69'),
(6, 24, 'Session Hiver', 'Local 34'),
(9, 25, 'Session Hiver', 'Local 49'),
(11, 26, 'Session Hiver', 'Local 19'),
(2, 27, 'Session Hiver', 'Local 94'),
(13, 28, 'Session Hiver', 'Local 87'),
(9, 29, 'Session Hiver', 'Local 71'),
(8, 30, 'Session Hiver', 'Local 80');

INSERT INTO universite (id_universite, nom_universite, sigle_université, adresse_universite, telephone, email, website) VALUES
(1, 'Universite du Quebec a Montreal', 'UQAM', 'xyz adresse', '183593016', 'universite.UQAM@mail.ca', 'universite.UQAM.ca'),
(2, 'Universite du Quebec a Quebec', 'UQAQ', 'xyz adresse', '445583146', 'universite.UQAQ@mail.ca', 'universite.UQAQ.ca'),
(3, 'Universite du Quebec a Trois-Rivieres', 'UQAT', 'xyz adresse', '321182447', 'universite.UQAT@mail.ca', 'universite.UQAT.ca'),
(4, 'Universite du Quebec a Chicoutimi', 'UQAC', 'xyz adresse', '122536835', 'universite.UQAC@mail.ca', 'universite.UQAC.ca'),
(5, 'Universite du Quebec a Rimouski', 'UQAR', 'xyz adresse', '803280365', 'universite.UQAR@mail.ca', 'universite.UQAR.ca');

INSERT INTO agent (id_agent, nom_agent, prenom_agent, telephone, email) VALUES(1, 'Bernard', 'Marie', '321769765', 'Marie.Bernard32@example.com'),
(2, 'Thomas', 'Claire', '126233358', 'Claire.Thomas13@example.com'),
(3, 'Petit', 'Pierre', '376408419', 'Pierre.Petit64@example.com'),
(4, 'Robert', 'Sophie', '122620042', 'Sophie.Robert98@example.com'),
(5, 'Richard', 'Nicolas', '583118415', 'Nicolas.Richard10@example.com'),
(6, 'Durand', 'Emma', '745204166', 'Emma.Durand63@example.com'),
(7, 'Leroy', 'Thomas', '946861363', 'Thomas.Leroy29@example.com'),
(8, 'Moreau', 'Julie', '535980312', 'Julie.Moreau48@example.com'),
(9, 'Dubois', 'Antoine', '334111442', 'Antoine.Dubois47@example.com'),
(10, 'Martin', 'Jean', '688154075', 'Jean.Martin1@example.com'),
(11, 'Bernard', 'Marie', '253039337', 'Marie.Bernard23@example.com'),
(12, 'Thomas', 'Claire', '822400627', 'Claire.Thomas21@example.com'),
(13, 'Petit', 'Pierre', '150300954', 'Pierre.Petit83@example.com'),
(14, 'Robert', 'Sophie', '241379230', 'Sophie.Robert88@example.com'),
(15, 'Richard', 'Nicolas', '160464878', 'Nicolas.Richard99@example.com');

INSERT INTO espace_stationnement(id_espace_stationnement, designation_espace_stationnement, id_universite) VALUES(1, 'Espace 1', 1),
(2, 'Espace 1', 2),
(3, 'Espace 1', 3),
(4, 'Espace 1', 4),
(5, 'Espace 1', 5),
(6, 'Espace 2', 1),
(7, 'Espace 2', 2),
(8, 'Espace 2', 3),
(9, 'Espace 2', 4),
(10, 'Espace 2', 5);

INSERT INTO espace_surveille(id_agent, id_espace_stationnement, date_surveillance, heure_debut_surveillance, heure_fin_surveillance) VALUES
(1, 1, '2024-11-15', '07:49:30', '08:48:25'),
(2, 2, '2024-07-08', '01:54:00', '04:07:15'),
(3, 3, '2024-03-10', '15:20:44', '19:21:23'),
(4, 4, '2024-04-27', '09:25:38', '13:59:51'),
(5, 5, '2024-01-20', '00:55:36', '02:37:15'),
(6, 6, '2024-08-03', '10:34:33', '13:45:04'),
(7, 7, '2024-01-16', '18:53:53', '22:59:10'),
(8, 8, '2024-09-16', '22:59:53', '23:23:08'),
(9, 9, '2024-11-07', '10:51:53', '11:55:37'),
(10, 10, '2024-11-05', '04:15:00', '05:40:55');

INSERT INTO allee(id_allee, id_espace_stationnement, designation_alle, sens_de_circulation) VALUES
(1, 4, 'Allee 1', 'Entrée'),
(2, 3, 'Allee 2', 'Entrée'),
(3, 1, 'Allee 3', 'Sortie'),
(4, 5, 'Allee 4', 'Entrée'),
(5, 4, 'Allee 5', 'Entrée'),
(6, 6, 'Allee 6', 'Sortie'),
(7, 4, 'Allee 7', 'Entrée'),
(8, 1, 'Allee 8', 'Sortie'),
(9, 1, 'Allee 9', 'Sortie'),
(10, 9, 'Allee 10', 'Entrée');

INSERT INTO place(id_place, type_de_place, id_allee) VALUES
(1, 'personnes à mobilité réduite', 8),
(2, 'personnes à mobilité réduite', 10),
(3, 'personnes à mobilité réduite', 3),
(4, 'personnes à mobilité réduite', 1),
(5, 'standard', 4),
(6, 'véhicules électriques', 4),
(7, 'standard', 2),
(8, 'standard', 9),
(9, 'standard', 7),
(10, 'véhicules électriques', 3),
(11, 'véhicules électriques', 5),
(12, 'personnes à mobilité réduite', 1),
(13, 'véhicules électriques', 7),
(14, 'véhicules électriques', 4),
(15, 'standard', 10),
(16, 'personnes à mobilité réduite', 5),
(17, 'véhicules électriques', 6),
(18, 'personnes à mobilité réduite', 4),
(19, 'standard', 2),
(20, 'personnes à mobilité réduite', 2);

INSERT INTO place_reservee(id_place, id_etudiant, date_reservation, heure_debut_reservation, heure_fin_reservation) VALUES
(9, 12, '2024-12-14', '15:43:28', '17:09:24'),
(2, 7, '2024-11-02', '15:18:58', '17:46:23'),
(18, 24, '2024-11-08', '09:39:45', '11:19:44'),
(5, 17, '2024-01-01', '12:31:54', '14:24:49'),
(13, 22, '2024-12-14', '13:13:16', '15:55:15'),
(6, 1, '2024-12-08', '17:09:29', '17:29:26'),
(18, 26, '2024-12-16', '17:59:59', '17:28:02'),
(9, 14, '2024-01-13', '10:53:06', '14:25:12'),
(16, 11, '2024-06-19', '16:05:16', '17:12:10'),
(20, 7, '2024-01-26', '11:25:46', '14:51:46'),
(4, 24, '2024-06-03', '17:38:15', '17:56:11'),
(17, 16, '2024-07-24', '15:01:58', '16:50:42'),
(15, 29, '2024-09-07', '16:55:42', '17:32:02'),
(18, 18, '2024-12-21', '16:05:02', '17:39:05'),
(13, 7, '2024-01-09', '12:07:44', '14:19:40'),
(17, 11, '2024-05-05', '14:56:21', '16:27:49'),
(6, 8, '2024-01-07', '14:24:43', '16:04:49'),
(14, 6, '2024-12-28', '10:09:50', '13:27:36'),
(9, 3, '2024-02-23', '08:10:03', '11:49:50'),
(3, 12, '2024-03-25', '15:01:02', '17:28:49');

